{"frames": {

"3-PERA/CAM_BASE_line.png":
{
	"frame": {"x":2,"y":2,"w":900,"h":654},
	"rotated": false,
	"trimmed": true,
	"spriteSourceSize": {"x":142,"y":748,"w":900,"h":654},
	"sourceSize": {"w":1200,"h":1660}
},
"3-PERA/CAM_BESTIA.png":
{
	"frame": {"x":908,"y":2,"w":900,"h":654},
	"rotated": false,
	"trimmed": true,
	"spriteSourceSize": {"x":142,"y":748,"w":900,"h":654},
	"sourceSize": {"w":1200,"h":1660}
},
"3-PERA/CAM_CORAZ.png":
{
	"frame": {"x":2,"y":1125,"w":900,"h":654},
	"rotated": true,
	"trimmed": true,
	"spriteSourceSize": {"x":142,"y":748,"w":900,"h":654},
	"sourceSize": {"w":1200,"h":1660}
},
"3-PERA/CAM_CREARTE.png":
{
	"frame": {"x":662,"y":1125,"w":900,"h":654},
	"rotated": true,
	"trimmed": true,
	"spriteSourceSize": {"x":142,"y":748,"w":900,"h":654},
	"sourceSize": {"w":1200,"h":1660}
},
"4-MANO-FRONT/4-Laud_4.png":
{
	"frame": {"x":1322,"y":1229,"w":429,"h":784},
	"rotated": false,
	"trimmed": true,
	"spriteSourceSize": {"x":187,"y":766,"w":429,"h":784},
	"sourceSize": {"w":1200,"h":1660}
},
"5-SOMB_PERA/5-bise-w.png":
{
	"frame": {"x":1757,"y":1229,"w":463,"h":277},
	"rotated": true,
	"trimmed": true,
	"spriteSourceSize": {"x":293,"y":99,"w":463,"h":277},
	"sourceSize": {"w":1200,"h":1660}
},
"6-GAFAS_PINA/6-gafa-SP_2.png":
{
	"frame": {"x":512,"y":662,"w":794,"h":370},
	"rotated": false,
	"trimmed": true,
	"spriteSourceSize": {"x":135,"y":491,"w":794,"h":370},
	"sourceSize": {"w":1200,"h":1660}
},
"ICON_Musical.png":
{
	"frame": {"x":1757,"y":1698,"w":276,"h":274},
	"rotated": false,
	"trimmed": true,
	"spriteSourceSize": {"x":12,"y":13,"w":276,"h":274},
	"sourceSize": {"w":300,"h":300}
},
"PIEZAS_TIENDA/C_CPI.png":
{
	"frame": {"x":1322,"y":662,"w":486,"h":561},
	"rotated": false,
	"trimmed": true,
	"spriteSourceSize": {"x":44,"y":17,"w":486,"h":561},
	"sourceSize": {"w":600,"h":600}
},
"PIEZAS_TIENDA/GAF_Negras.png":
{
	"frame": {"x":1814,"y":560,"w":559,"h":182},
	"rotated": true,
	"trimmed": true,
	"spriteSourceSize": {"x":21,"y":190,"w":559,"h":182},
	"sourceSize": {"w":600,"h":600}
},
"PIEZAS_TIENDA/GAFA_SP_3.png":
{
	"frame": {"x":1814,"y":2,"w":552,"h":192},
	"rotated": true,
	"trimmed": true,
	"spriteSourceSize": {"x":16,"y":204,"w":552,"h":192},
	"sourceSize": {"w":600,"h":600}
},
"PIEZAS_TIENDA/S_UNICO_Rosa.png":
{
	"frame": {"x":2,"y":662,"w":457,"h":504},
	"rotated": true,
	"trimmed": true,
	"spriteSourceSize": {"x":140,"y":0,"w":457,"h":504},
	"sourceSize": {"w":600,"h":600}
}},
"animations": {
},
"meta": {
	"app": "https://www.codeandweb.com/texturepacker",
	"version": "1.0",
	"image": "images-27.png",
	"format": "RGBA8888",
	"size": {"w":2048,"h":2048},
	"scale": "1",
	"related_multi_packs": [ "images-0.json", "images-1.json", "images-2.json", "images-3.json", "images-4.json", "images-5.json", "images-6.json", "images-7.json", "images-8.json", "images-9.json", "images-10.json", "images-11.json", "images-12.json", "images-13.json", "images-14.json", "images-15.json", "images-16.json", "images-17.json", "images-18.json", "images-19.json", "images-20.json", "images-21.json", "images-22.json", "images-23.json", "images-24.json", "images-25.json", "images-26.json", "images-28.json", "images-29.json", "images-30.json", "images-31.json", "images-32.json", "images-33.json", "images-34.json", "images-35.json", "images-36.json" ],
	"smartupdate": "$TexturePacker:SmartUpdate:db183f9c8329c9f471ecacc435bbac66:428c61188975624da7e4dcfdd503d864:af0af6d4542f0e8402ece210e65003be$"
}
}
