{"frames": {

"4-MANO-FRONT/4-Bombo.png":
{
	"frame": {"x":1310,"y":444,"w":628,"h":656},
	"rotated": false,
	"trimmed": true,
	"spriteSourceSize": {"x":210,"y":809,"w":628,"h":656},
	"sourceSize": {"w":1200,"h":1660}
},
"M-PIQU3_2.png":
{
	"frame": {"x":2,"y":2,"w":1302,"h":1104},
	"rotated": false,
	"trimmed": true,
	"spriteSourceSize": {"x":637,"y":66,"w":1302,"h":1104},
	"sourceSize": {"w":2044,"h":1637}
},
"PIEZAS_TIENDA/C_BES.png":
{
	"frame": {"x":1023,"y":1485,"w":486,"h":561},
	"rotated": false,
	"trimmed": true,
	"spriteSourceSize": {"x":44,"y":17,"w":486,"h":561},
	"sourceSize": {"w":600,"h":600}
},
"PIEZAS_TIENDA/C_CLI.png":
{
	"frame": {"x":1515,"y":1485,"w":486,"h":561},
	"rotated": false,
	"trimmed": true,
	"spriteSourceSize": {"x":44,"y":17,"w":486,"h":561},
	"sourceSize": {"w":600,"h":600}
},
"PIEZAS_TIENDA/VI_W.png":
{
	"frame": {"x":1310,"y":2,"w":730,"h":436},
	"rotated": false,
	"trimmed": true,
	"spriteSourceSize": {"x":34,"y":178,"w":730,"h":436},
	"sourceSize": {"w":800,"h":800}
},
"R-sombra.png":
{
	"frame": {"x":1023,"y":1112,"w":1013,"h":367},
	"rotated": false,
	"trimmed": true,
	"spriteSourceSize": {"x":93,"y":419,"w":1013,"h":367},
	"sourceSize": {"w":1200,"h":800}
},
"TUTO_3.png":
{
	"frame": {"x":2,"y":1112,"w":929,"h":1015},
	"rotated": true,
	"trimmed": true,
	"spriteSourceSize": {"x":44,"y":515,"w":929,"h":1015},
	"sourceSize": {"w":1000,"h":1600}
}},
"animations": {
},
"meta": {
	"app": "https://www.codeandweb.com/texturepacker",
	"version": "1.0",
	"image": "images-7.png",
	"format": "RGBA8888",
	"size": {"w":2048,"h":2048},
	"scale": "1",
	"related_multi_packs": [ "images-0.json", "images-1.json", "images-2.json", "images-3.json", "images-4.json", "images-5.json", "images-6.json", "images-8.json", "images-9.json", "images-10.json", "images-11.json", "images-12.json", "images-13.json", "images-14.json", "images-15.json", "images-16.json", "images-17.json", "images-18.json", "images-19.json", "images-20.json", "images-21.json", "images-22.json", "images-23.json", "images-24.json", "images-25.json", "images-26.json", "images-27.json", "images-28.json", "images-29.json", "images-30.json", "images-31.json", "images-32.json", "images-33.json", "images-34.json", "images-35.json", "images-36.json" ],
	"smartupdate": "$TexturePacker:SmartUpdate:db183f9c8329c9f471ecacc435bbac66:428c61188975624da7e4dcfdd503d864:af0af6d4542f0e8402ece210e65003be$"
}
}
