{"frames": {

"2-CARA-P/2-P_HAPPIEST.png":
{
	"frame": {"x":1794,"y":1464,"w":305,"h":249},
	"rotated": true,
	"trimmed": true,
	"spriteSourceSize": {"x":465,"y":462,"w":305,"h":249},
	"sourceSize": {"w":1200,"h":1660}
},
"2-CARA-P/2-P_PARTY.png":
{
	"frame": {"x":1794,"y":1775,"w":257,"h":206},
	"rotated": true,
	"trimmed": true,
	"spriteSourceSize": {"x":501,"y":505,"w":257,"h":206},
	"sourceSize": {"w":1200,"h":1660}
},
"2-CARA-PL/2-PL_CUTE.png":
{
	"frame": {"x":1890,"y":796,"w":303,"h":130},
	"rotated": true,
	"trimmed": true,
	"spriteSourceSize": {"x":474,"y":635,"w":303,"h":130},
	"sourceSize": {"w":1200,"h":1660}
},
"5-SOMB_PERA/5-guajiro.png":
{
	"frame": {"x":1363,"y":1464,"w":576,"h":425},
	"rotated": true,
	"trimmed": true,
	"spriteSourceSize": {"x":203,"y":37,"w":576,"h":425},
	"sourceSize": {"w":1200,"h":1660}
},
"6-GAFAS_PERA/6-gafa-SP_2.png":
{
	"frame": {"x":495,"y":1464,"w":580,"h":292},
	"rotated": true,
	"trimmed": true,
	"spriteSourceSize": {"x":285,"y":396,"w":580,"h":292},
	"sourceSize": {"w":1200,"h":1660}
},
"Back_tienda.png":
{
	"frame": {"x":1890,"y":590,"w":134,"h":200},
	"rotated": false,
	"trimmed": true,
	"spriteSourceSize": {"x":29,"y":0,"w":134,"h":200},
	"sourceSize": {"w":200,"h":200}
},
"BTN_JUGAR.png":
{
	"frame": {"x":793,"y":1464,"w":578,"h":279},
	"rotated": true,
	"trimmed": true,
	"spriteSourceSize": {"x":3,"y":1,"w":578,"h":279},
	"sourceSize": {"w":582,"h":280}
},
"BTN_TIENDA.png":
{
	"frame": {"x":1078,"y":1464,"w":578,"h":279},
	"rotated": true,
	"trimmed": true,
	"spriteSourceSize": {"x":3,"y":1,"w":578,"h":279},
	"sourceSize": {"w":582,"h":280}
},
"ICO_POSESION.png":
{
	"frame": {"x":1890,"y":1105,"w":128,"h":200},
	"rotated": false,
	"trimmed": true,
	"spriteSourceSize": {"x":36,"y":0,"w":128,"h":200},
	"sourceSize": {"w":200,"h":200}
},
"ICON_Gafas.png":
{
	"frame": {"x":1890,"y":294,"w":290,"h":138},
	"rotated": true,
	"trimmed": true,
	"spriteSourceSize": {"x":5,"y":81,"w":290,"h":138},
	"sourceSize": {"w":300,"h":300}
},
"M-PIQU3_1.png":
{
	"frame": {"x":2,"y":2,"w":1882,"h":1456},
	"rotated": false,
	"trimmed": true,
	"spriteSourceSize": {"x":155,"y":40,"w":1882,"h":1456},
	"sourceSize": {"w":2044,"h":1637}
},
"PIEZAS_TIENDA/M_T1.png":
{
	"frame": {"x":2,"y":1464,"w":581,"h":487},
	"rotated": true,
	"trimmed": true,
	"spriteSourceSize": {"x":11,"y":57,"w":581,"h":487},
	"sourceSize": {"w":600,"h":600}
},
"Punto_Empty.png":
{
	"frame": {"x":1890,"y":2,"w":140,"h":140},
	"rotated": false,
	"trimmed": true,
	"spriteSourceSize": {"x":130,"y":130,"w":140,"h":140},
	"sourceSize": {"w":400,"h":400}
},
"Punto_Fill.png":
{
	"frame": {"x":1890,"y":148,"w":140,"h":140},
	"rotated": false,
	"trimmed": true,
	"spriteSourceSize": {"x":130,"y":130,"w":140,"h":140},
	"sourceSize": {"w":400,"h":400}
}},
"animations": {
},
"meta": {
	"app": "https://www.codeandweb.com/texturepacker",
	"version": "1.0",
	"image": "images-1.png",
	"format": "RGBA8888",
	"size": {"w":2048,"h":2048},
	"scale": "1",
	"related_multi_packs": [ "images-0.json", "images-2.json", "images-3.json", "images-4.json", "images-5.json", "images-6.json", "images-7.json", "images-8.json", "images-9.json", "images-10.json", "images-11.json", "images-12.json", "images-13.json", "images-14.json", "images-15.json", "images-16.json", "images-17.json", "images-18.json", "images-19.json", "images-20.json", "images-21.json", "images-22.json", "images-23.json", "images-24.json", "images-25.json", "images-26.json", "images-27.json", "images-28.json", "images-29.json", "images-30.json", "images-31.json", "images-32.json", "images-33.json", "images-34.json", "images-35.json", "images-36.json" ],
	"smartupdate": "$TexturePacker:SmartUpdate:db183f9c8329c9f471ecacc435bbac66:428c61188975624da7e4dcfdd503d864:af0af6d4542f0e8402ece210e65003be$"
}
}
