{"frames": {

"2-CARA-P/2-P_SEXY.png":
{
	"frame": {"x":1803,"y":1633,"w":401,"h":211},
	"rotated": true,
	"trimmed": true,
	"spriteSourceSize": {"x":416,"y":496,"w":401,"h":211},
	"sourceSize": {"w":1200,"h":1660}
},
"3-LIMON/CAM_ARRIBA_A_1.png":
{
	"frame": {"x":2,"y":2,"w":972,"h":647},
	"rotated": false,
	"trimmed": true,
	"spriteSourceSize": {"x":88,"y":736,"w":972,"h":647},
	"sourceSize": {"w":1200,"h":1660}
},
"3-LIMON/CAM_ARRIBA_A_2.png":
{
	"frame": {"x":980,"y":2,"w":972,"h":647},
	"rotated": false,
	"trimmed": true,
	"spriteSourceSize": {"x":88,"y":736,"w":972,"h":647},
	"sourceSize": {"w":1200,"h":1660}
},
"3-LIMON/CAM_BASE.png":
{
	"frame": {"x":2,"y":655,"w":972,"h":647},
	"rotated": true,
	"trimmed": true,
	"spriteSourceSize": {"x":88,"y":736,"w":972,"h":647},
	"sourceSize": {"w":1200,"h":1660}
},
"3-LIMON/CAM_BASE_line.png":
{
	"frame": {"x":655,"y":655,"w":972,"h":647},
	"rotated": true,
	"trimmed": true,
	"spriteSourceSize": {"x":88,"y":736,"w":972,"h":647},
	"sourceSize": {"w":1200,"h":1660}
},
"3-LIMON/CAM_BESTIA.png":
{
	"frame": {"x":1308,"y":655,"w":972,"h":647},
	"rotated": true,
	"trimmed": true,
	"spriteSourceSize": {"x":88,"y":736,"w":972,"h":647},
	"sourceSize": {"w":1200,"h":1660}
},
"PIEZAS_TIENDA/CARA_CUTE.png":
{
	"frame": {"x":488,"y":1633,"w":412,"h":177},
	"rotated": true,
	"trimmed": true,
	"spriteSourceSize": {"x":122,"y":212,"w":412,"h":177},
	"sourceSize": {"w":600,"h":600}
},
"PIEZAS_TIENDA/M_Pan.png":
{
	"frame": {"x":2,"y":1633,"w":413,"h":480},
	"rotated": true,
	"trimmed": true,
	"spriteSourceSize": {"x":104,"y":41,"w":413,"h":480},
	"sourceSize": {"w":600,"h":600}
},
"PIEZAS_TIENDA/SP_LI.png":
{
	"frame": {"x":671,"y":1633,"w":560,"h":408},
	"rotated": false,
	"trimmed": true,
	"spriteSourceSize": {"x":27,"y":84,"w":560,"h":408},
	"sourceSize": {"w":600,"h":600}
},
"PIEZAS_TIENDA/SP_PE.png":
{
	"frame": {"x":1237,"y":1633,"w":560,"h":408},
	"rotated": false,
	"trimmed": true,
	"spriteSourceSize": {"x":27,"y":84,"w":560,"h":408},
	"sourceSize": {"w":600,"h":600}
}},
"animations": {
	"3-LIMON/CAM_ARRIBA_A": ["3-LIMON/CAM_ARRIBA_A_1.png","3-LIMON/CAM_ARRIBA_A_2.png"]
},
"meta": {
	"app": "https://www.codeandweb.com/texturepacker",
	"version": "1.0",
	"image": "images-12.png",
	"format": "RGBA8888",
	"size": {"w":2048,"h":2048},
	"scale": "1",
	"related_multi_packs": [ "images-0.json", "images-1.json", "images-2.json", "images-3.json", "images-4.json", "images-5.json", "images-6.json", "images-7.json", "images-8.json", "images-9.json", "images-10.json", "images-11.json", "images-13.json", "images-14.json", "images-15.json", "images-16.json", "images-17.json", "images-18.json", "images-19.json", "images-20.json", "images-21.json", "images-22.json", "images-23.json", "images-24.json", "images-25.json", "images-26.json", "images-27.json", "images-28.json", "images-29.json", "images-30.json", "images-31.json", "images-32.json", "images-33.json", "images-34.json", "images-35.json", "images-36.json" ],
	"smartupdate": "$TexturePacker:SmartUpdate:db183f9c8329c9f471ecacc435bbac66:428c61188975624da7e4dcfdd503d864:af0af6d4542f0e8402ece210e65003be$"
}
}
