{"frames": {

"3-PERA/CAM_ABAJO_V_1.png":
{
	"frame": {"x":2,"y":2,"w":900,"h":654},
	"rotated": false,
	"trimmed": true,
	"spriteSourceSize": {"x":142,"y":748,"w":900,"h":654},
	"sourceSize": {"w":1200,"h":1660}
},
"3-PERA/CAM_ABAJO_V_2.png":
{
	"frame": {"x":908,"y":2,"w":900,"h":654},
	"rotated": false,
	"trimmed": true,
	"spriteSourceSize": {"x":142,"y":748,"w":900,"h":654},
	"sourceSize": {"w":1200,"h":1660}
},
"3-PERA/CAM_ABAJO_V_Descuelgue.png":
{
	"frame": {"x":2,"y":1121,"w":900,"h":654},
	"rotated": true,
	"trimmed": true,
	"spriteSourceSize": {"x":142,"y":748,"w":900,"h":654},
	"sourceSize": {"w":1200,"h":1660}
},
"3-PERA/CAM_ACT.png":
{
	"frame": {"x":662,"y":1121,"w":900,"h":654},
	"rotated": true,
	"trimmed": true,
	"spriteSourceSize": {"x":142,"y":748,"w":900,"h":654},
	"sourceSize": {"w":1200,"h":1660}
},
"4-MANO-FRONT/4-Laud_3.png":
{
	"frame": {"x":2,"y":662,"w":429,"h":784},
	"rotated": true,
	"trimmed": true,
	"spriteSourceSize": {"x":187,"y":766,"w":429,"h":784},
	"sourceSize": {"w":1200,"h":1660}
},
"BTN_SIGUE.png":
{
	"frame": {"x":1814,"y":2,"w":548,"h":232},
	"rotated": true,
	"trimmed": false,
	"spriteSourceSize": {"x":0,"y":0,"w":548,"h":232},
	"sourceSize": {"w":548,"h":232}
},
"PIEZAS_TIENDA/C_PARTY.png":
{
	"frame": {"x":1322,"y":662,"w":486,"h":573},
	"rotated": false,
	"trimmed": true,
	"spriteSourceSize": {"x":44,"y":5,"w":486,"h":573},
	"sourceSize": {"w":600,"h":600}
},
"PIEZAS_TIENDA/GAF_HEMO.png":
{
	"frame": {"x":1814,"y":556,"w":559,"h":225},
	"rotated": true,
	"trimmed": true,
	"spriteSourceSize": {"x":21,"y":188,"w":559,"h":225},
	"sourceSize": {"w":600,"h":600}
},
"PIEZAS_TIENDA/R_LI.png":
{
	"frame": {"x":792,"y":662,"w":524,"h":347},
	"rotated": false,
	"trimmed": true,
	"spriteSourceSize": {"x":28,"y":116,"w":524,"h":347},
	"sourceSize": {"w":600,"h":600}
},
"Select-PINA.png":
{
	"frame": {"x":1322,"y":1241,"w":800,"h":612},
	"rotated": true,
	"trimmed": true,
	"spriteSourceSize": {"x":0,"y":59,"w":800,"h":612},
	"sourceSize": {"w":800,"h":800}
}},
"animations": {
	"3-PERA/CAM_ABAJO_V": ["3-PERA/CAM_ABAJO_V_1.png","3-PERA/CAM_ABAJO_V_2.png"]
},
"meta": {
	"app": "https://www.codeandweb.com/texturepacker",
	"version": "1.0",
	"image": "images-25.png",
	"format": "RGBA8888",
	"size": {"w":2048,"h":2048},
	"scale": "1",
	"related_multi_packs": [ "images-0.json", "images-1.json", "images-2.json", "images-3.json", "images-4.json", "images-5.json", "images-6.json", "images-7.json", "images-8.json", "images-9.json", "images-10.json", "images-11.json", "images-12.json", "images-13.json", "images-14.json", "images-15.json", "images-16.json", "images-17.json", "images-18.json", "images-19.json", "images-20.json", "images-21.json", "images-22.json", "images-23.json", "images-24.json", "images-26.json", "images-27.json", "images-28.json", "images-29.json", "images-30.json", "images-31.json", "images-32.json", "images-33.json", "images-34.json", "images-35.json", "images-36.json" ],
	"smartupdate": "$TexturePacker:SmartUpdate:db183f9c8329c9f471ecacc435bbac66:428c61188975624da7e4dcfdd503d864:af0af6d4542f0e8402ece210e65003be$"
}
}
