{"frames": {

"2-CARA-PL/2-PL_PARTY.png":
{
	"frame": {"x":1575,"y":1783,"w":282,"h":222},
	"rotated": false,
	"trimmed": true,
	"spriteSourceSize": {"x":480,"y":625,"w":282,"h":222},
	"sourceSize": {"w":1200,"h":1660}
},
"3-PINA/CAM_ABAJO_N_1.png":
{
	"frame": {"x":1220,"y":611,"w":949,"h":548},
	"rotated": true,
	"trimmed": true,
	"spriteSourceSize": {"x":130,"y":804,"w":949,"h":548},
	"sourceSize": {"w":1200,"h":1660}
},
"3-PINA/PROM_CAM_Ranita.png":
{
	"frame": {"x":2,"y":2,"w":949,"h":603},
	"rotated": false,
	"trimmed": true,
	"spriteSourceSize": {"x":130,"y":749,"w":949,"h":603},
	"sourceSize": {"w":1200,"h":1660}
},
"3-PINA/PROM_CAM_Reyes.png":
{
	"frame": {"x":957,"y":2,"w":949,"h":603},
	"rotated": false,
	"trimmed": true,
	"spriteSourceSize": {"x":130,"y":749,"w":949,"h":603},
	"sourceSize": {"w":1200,"h":1660}
},
"3-PINA/PROM_CAM_Taptc.png":
{
	"frame": {"x":2,"y":611,"w":949,"h":603},
	"rotated": true,
	"trimmed": true,
	"spriteSourceSize": {"x":130,"y":749,"w":949,"h":603},
	"sourceSize": {"w":1200,"h":1660}
},
"3-PINA/PROM_CAM_Uber.png":
{
	"frame": {"x":611,"y":611,"w":949,"h":603},
	"rotated": true,
	"trimmed": true,
	"spriteSourceSize": {"x":130,"y":749,"w":949,"h":603},
	"sourceSize": {"w":1200,"h":1660}
},
"ICON_OK.png":
{
	"frame": {"x":1774,"y":611,"w":298,"h":272},
	"rotated": true,
	"trimmed": true,
	"spriteSourceSize": {"x":1,"y":14,"w":298,"h":272},
	"sourceSize": {"w":300,"h":300}
},
"Millo_1.png":
{
	"frame": {"x":1774,"y":915,"w":269,"h":288},
	"rotated": false,
	"trimmed": true,
	"spriteSourceSize": {"x":160,"y":104,"w":269,"h":288},
	"sourceSize": {"w":600,"h":496}
},
"PIEZAS_TIENDA/GAFA_SP_2.png":
{
	"frame": {"x":1774,"y":1209,"w":568,"h":267},
	"rotated": true,
	"trimmed": true,
	"spriteSourceSize": {"x":10,"y":155,"w":568,"h":267},
	"sourceSize": {"w":600,"h":600}
},
"PIEZAS_TIENDA/M_B2.png":
{
	"frame": {"x":2,"y":1566,"w":469,"h":527},
	"rotated": true,
	"trimmed": true,
	"spriteSourceSize": {"x":66,"y":37,"w":469,"h":527},
	"sourceSize": {"w":600,"h":600}
},
"PIEZAS_TIENDA/M_Bom.png":
{
	"frame": {"x":535,"y":1566,"w":469,"h":494},
	"rotated": true,
	"trimmed": true,
	"spriteSourceSize": {"x":67,"y":53,"w":469,"h":494},
	"sourceSize": {"w":600,"h":600}
},
"PIEZAS_TIENDA/M_L1.png":
{
	"frame": {"x":1035,"y":1566,"w":466,"h":534},
	"rotated": true,
	"trimmed": true,
	"spriteSourceSize": {"x":67,"y":33,"w":466,"h":534},
	"sourceSize": {"w":600,"h":600}
}},
"animations": {
},
"meta": {
	"app": "https://www.codeandweb.com/texturepacker",
	"version": "1.0",
	"image": "images-23.png",
	"format": "RGBA8888",
	"size": {"w":2048,"h":2048},
	"scale": "1",
	"related_multi_packs": [ "images-0.json", "images-1.json", "images-2.json", "images-3.json", "images-4.json", "images-5.json", "images-6.json", "images-7.json", "images-8.json", "images-9.json", "images-10.json", "images-11.json", "images-12.json", "images-13.json", "images-14.json", "images-15.json", "images-16.json", "images-17.json", "images-18.json", "images-19.json", "images-20.json", "images-21.json", "images-22.json", "images-24.json", "images-25.json", "images-26.json", "images-27.json", "images-28.json", "images-29.json", "images-30.json", "images-31.json", "images-32.json", "images-33.json", "images-34.json", "images-35.json", "images-36.json" ],
	"smartupdate": "$TexturePacker:SmartUpdate:db183f9c8329c9f471ecacc435bbac66:428c61188975624da7e4dcfdd503d864:af0af6d4542f0e8402ece210e65003be$"
}
}
