{"frames": {

"3-PINA/CAM_ABAJO_N_Descuelgue.png":
{
	"frame": {"x":2,"y":2,"w":949,"h":548},
	"rotated": false,
	"trimmed": true,
	"spriteSourceSize": {"x":130,"y":804,"w":949,"h":548},
	"sourceSize": {"w":1200,"h":1660}
},
"3-PINA/CAM_ARRIBA_N_1.png":
{
	"frame": {"x":957,"y":2,"w":949,"h":548},
	"rotated": false,
	"trimmed": true,
	"spriteSourceSize": {"x":130,"y":804,"w":949,"h":548},
	"sourceSize": {"w":1200,"h":1660}
},
"3-PINA/CAM_ARRIBA_N_Descuelgue.png":
{
	"frame": {"x":2,"y":556,"w":949,"h":548},
	"rotated": true,
	"trimmed": true,
	"spriteSourceSize": {"x":130,"y":804,"w":949,"h":548},
	"sourceSize": {"w":1200,"h":1660}
},
"3-PINA/CAM_PICO_N_1.png":
{
	"frame": {"x":556,"y":556,"w":949,"h":548},
	"rotated": true,
	"trimmed": true,
	"spriteSourceSize": {"x":130,"y":804,"w":949,"h":548},
	"sourceSize": {"w":1200,"h":1660}
},
"3-PINA/CAM_PICO_N_Descuelgue.png":
{
	"frame": {"x":1110,"y":556,"w":949,"h":548},
	"rotated": true,
	"trimmed": true,
	"spriteSourceSize": {"x":130,"y":804,"w":949,"h":548},
	"sourceSize": {"w":1200,"h":1660}
},
"4-MANO-FRONT/4-BOTELLA_1.png":
{
	"frame": {"x":1744,"y":850,"w":301,"h":508},
	"rotated": false,
	"trimmed": true,
	"spriteSourceSize": {"x":210,"y":834,"w":301,"h":508},
	"sourceSize": {"w":1200,"h":1660}
},
"4-MANO-FRONT/4-BOTELLA_2.png":
{
	"frame": {"x":1744,"y":1364,"w":301,"h":508},
	"rotated": false,
	"trimmed": true,
	"spriteSourceSize": {"x":210,"y":834,"w":301,"h":508},
	"sourceSize": {"w":1200,"h":1660}
},
"4-MANO-FRONT/4-MANO.png":
{
	"frame": {"x":1744,"y":556,"w":302,"h":288},
	"rotated": false,
	"trimmed": true,
	"spriteSourceSize": {"x":210,"y":834,"w":302,"h":288},
	"sourceSize": {"w":1200,"h":1660}
},
"5-SOMB_PINA/5-bise_w.png":
{
	"frame": {"x":2,"y":1511,"w":535,"h":320},
	"rotated": true,
	"trimmed": true,
	"spriteSourceSize": {"x":239,"y":256,"w":535,"h":320},
	"sourceSize": {"w":1200,"h":1660}
},
"PIEZAS_TIENDA/M_L2.png":
{
	"frame": {"x":328,"y":1511,"w":466,"h":534},
	"rotated": false,
	"trimmed": true,
	"spriteSourceSize": {"x":67,"y":33,"w":466,"h":534},
	"sourceSize": {"w":600,"h":600}
},
"PIEZAS_TIENDA/M_L3.png":
{
	"frame": {"x":800,"y":1511,"w":466,"h":534},
	"rotated": false,
	"trimmed": true,
	"spriteSourceSize": {"x":67,"y":33,"w":466,"h":534},
	"sourceSize": {"w":600,"h":600}
},
"PIEZAS_TIENDA/M_L4.png":
{
	"frame": {"x":1272,"y":1511,"w":466,"h":534},
	"rotated": false,
	"trimmed": true,
	"spriteSourceSize": {"x":67,"y":33,"w":466,"h":534},
	"sourceSize": {"w":600,"h":600}
}},
"animations": {
	"4-MANO-FRONT/4-BOTELLA": ["4-MANO-FRONT/4-BOTELLA_1.png","4-MANO-FRONT/4-BOTELLA_2.png"],
	"PIEZAS_TIENDA/M_L": ["PIEZAS_TIENDA/M_L2.png","PIEZAS_TIENDA/M_L3.png","PIEZAS_TIENDA/M_L4.png"]
},
"meta": {
	"app": "https://www.codeandweb.com/texturepacker",
	"version": "1.0",
	"image": "images-24.png",
	"format": "RGBA8888",
	"size": {"w":2048,"h":2048},
	"scale": "1",
	"related_multi_packs": [ "images-0.json", "images-1.json", "images-2.json", "images-3.json", "images-4.json", "images-5.json", "images-6.json", "images-7.json", "images-8.json", "images-9.json", "images-10.json", "images-11.json", "images-12.json", "images-13.json", "images-14.json", "images-15.json", "images-16.json", "images-17.json", "images-18.json", "images-19.json", "images-20.json", "images-21.json", "images-22.json", "images-23.json", "images-25.json", "images-26.json", "images-27.json", "images-28.json", "images-29.json", "images-30.json", "images-31.json", "images-32.json", "images-33.json", "images-34.json", "images-35.json", "images-36.json" ],
	"smartupdate": "$TexturePacker:SmartUpdate:db183f9c8329c9f471ecacc435bbac66:428c61188975624da7e4dcfdd503d864:af0af6d4542f0e8402ece210e65003be$"
}
}
