{"frames": {

"5-SOMB_LIMON/5-somb_g.png":
{
	"frame": {"x":1037,"y":564,"w":553,"h":363},
	"rotated": true,
	"trimmed": true,
	"spriteSourceSize": {"x":154,"y":201,"w":553,"h":363},
	"sourceSize": {"w":1200,"h":1660}
},
"5-SOMB_LIMON/5-somb_w.png":
{
	"frame": {"x":1278,"y":2,"w":553,"h":363},
	"rotated": true,
	"trimmed": true,
	"spriteSourceSize": {"x":154,"y":201,"w":553,"h":363},
	"sourceSize": {"w":1200,"h":1660}
},
"5-SOMB_PINA/5-somb_UNICO.png":
{
	"frame": {"x":537,"y":1718,"w":297,"h":327},
	"rotated": false,
	"trimmed": true,
	"spriteSourceSize": {"x":520,"y":254,"w":297,"h":327},
	"sourceSize": {"w":1200,"h":1660}
},
"5-SOMB_PINA/5-somb_UNICO_dor.png":
{
	"frame": {"x":840,"y":1688,"w":297,"h":327},
	"rotated": false,
	"trimmed": true,
	"spriteSourceSize": {"x":520,"y":254,"w":297,"h":327},
	"sourceSize": {"w":1200,"h":1660}
},
"PIEZAS_TIENDA/C_AsLI.png":
{
	"frame": {"x":299,"y":594,"w":363,"h":556},
	"rotated": false,
	"trimmed": true,
	"spriteSourceSize": {"x":140,"y":22,"w":363,"h":556},
	"sourceSize": {"w":600,"h":600}
},
"PIEZAS_TIENDA/C_AsPE.png":
{
	"frame": {"x":311,"y":1156,"w":363,"h":556},
	"rotated": false,
	"trimmed": true,
	"spriteSourceSize": {"x":140,"y":22,"w":363,"h":556},
	"sourceSize": {"w":600,"h":600}
},
"PIEZAS_TIENDA/C_AsPI.png":
{
	"frame": {"x":540,"y":2,"w":363,"h":556},
	"rotated": false,
	"trimmed": true,
	"spriteSourceSize": {"x":140,"y":22,"w":363,"h":556},
	"sourceSize": {"w":600,"h":600}
},
"PIEZAS_TIENDA/C_DesLI.png":
{
	"frame": {"x":668,"y":564,"w":363,"h":556},
	"rotated": false,
	"trimmed": true,
	"spriteSourceSize": {"x":140,"y":22,"w":363,"h":556},
	"sourceSize": {"w":600,"h":600}
},
"PIEZAS_TIENDA/C_DesPE.png":
{
	"frame": {"x":909,"y":2,"w":363,"h":556},
	"rotated": false,
	"trimmed": true,
	"spriteSourceSize": {"x":140,"y":22,"w":363,"h":556},
	"sourceSize": {"w":600,"h":600}
},
"PIEZAS_TIENDA/C_DesPI.png":
{
	"frame": {"x":680,"y":1126,"w":363,"h":556},
	"rotated": false,
	"trimmed": true,
	"spriteSourceSize": {"x":140,"y":22,"w":363,"h":556},
	"sourceSize": {"w":600,"h":600}
},
"PIEZAS_TIENDA/CARA_HAPPY.png":
{
	"frame": {"x":2,"y":1725,"w":529,"h":307},
	"rotated": false,
	"trimmed": true,
	"spriteSourceSize": {"x":49,"y":147,"w":529,"h":307},
	"sourceSize": {"w":600,"h":600}
},
"PIEZAS_TIENDA/CARA_MUJER.png":
{
	"frame": {"x":2,"y":594,"w":560,"h":291},
	"rotated": true,
	"trimmed": true,
	"spriteSourceSize": {"x":25,"y":155,"w":560,"h":291},
	"sourceSize": {"w":600,"h":600}
},
"PIEZAS_TIENDA/GAF_1.png":
{
	"frame": {"x":2,"y":1160,"w":559,"h":303},
	"rotated": true,
	"trimmed": true,
	"spriteSourceSize": {"x":21,"y":149,"w":559,"h":303},
	"sourceSize": {"w":600,"h":600}
},
"PIEZAS_TIENDA/PROMO_C_Reyes.png":
{
	"frame": {"x":1049,"y":1123,"w":458,"h":528},
	"rotated": false,
	"trimmed": true,
	"spriteSourceSize": {"x":71,"y":36,"w":458,"h":528},
	"sourceSize": {"w":600,"h":600}
},
"PIEZAS_TIENDA/PROMO_C_Taptc.png":
{
	"frame": {"x":1513,"y":561,"w":458,"h":528},
	"rotated": true,
	"trimmed": true,
	"spriteSourceSize": {"x":71,"y":36,"w":458,"h":528},
	"sourceSize": {"w":600,"h":600}
},
"PIEZAS_TIENDA/PROMO_C_Uber.png":
{
	"frame": {"x":1513,"y":1025,"w":458,"h":528},
	"rotated": true,
	"trimmed": true,
	"spriteSourceSize": {"x":71,"y":36,"w":458,"h":528},
	"sourceSize": {"w":600,"h":600}
},
"PIEZAS_TIENDA/S_UNICO_Dor.png":
{
	"frame": {"x":2,"y":2,"w":532,"h":586},
	"rotated": false,
	"trimmed": true,
	"spriteSourceSize": {"x":163,"y":1,"w":532,"h":586},
	"sourceSize": {"w":700,"h":700}
}},
"animations": {
},
"meta": {
	"app": "https://www.codeandweb.com/texturepacker",
	"version": "1.0",
	"image": "images-36.png",
	"format": "RGBA8888",
	"size": {"w":2048,"h":2048},
	"scale": "1",
	"related_multi_packs": [ "images-0.json", "images-1.json", "images-2.json", "images-3.json", "images-4.json", "images-5.json", "images-6.json", "images-7.json", "images-8.json", "images-9.json", "images-10.json", "images-11.json", "images-12.json", "images-13.json", "images-14.json", "images-15.json", "images-16.json", "images-17.json", "images-18.json", "images-19.json", "images-20.json", "images-21.json", "images-22.json", "images-23.json", "images-24.json", "images-25.json", "images-26.json", "images-27.json", "images-28.json", "images-29.json", "images-30.json", "images-31.json", "images-32.json", "images-33.json", "images-34.json", "images-35.json" ],
	"smartupdate": "$TexturePacker:SmartUpdate:db183f9c8329c9f471ecacc435bbac66:428c61188975624da7e4dcfdd503d864:af0af6d4542f0e8402ece210e65003be$"
}
}
