{"frames": {

"3-LIMON/CAM_ABAJO_A_Descuelgue.png":
{
	"frame": {"x":980,"y":2,"w":972,"h":614},
	"rotated": false,
	"trimmed": true,
	"spriteSourceSize": {"x":88,"y":769,"w":972,"h":614},
	"sourceSize": {"w":1200,"h":1660}
},
"3-LIMON/CAM_ARRIBA_A_Descuelgue.png":
{
	"frame": {"x":980,"y":622,"w":972,"h":614},
	"rotated": false,
	"trimmed": true,
	"spriteSourceSize": {"x":88,"y":769,"w":972,"h":614},
	"sourceSize": {"w":1200,"h":1660}
},
"3-LIMON/CAM_PICO_A_Descuelgue.png":
{
	"frame": {"x":2,"y":655,"w":972,"h":614},
	"rotated": false,
	"trimmed": true,
	"spriteSourceSize": {"x":88,"y":769,"w":972,"h":614},
	"sourceSize": {"w":1200,"h":1660}
},
"3-LIMON/PROM_CAM_Uber.png":
{
	"frame": {"x":2,"y":2,"w":972,"h":647},
	"rotated": false,
	"trimmed": true,
	"spriteSourceSize": {"x":88,"y":736,"w":972,"h":647},
	"sourceSize": {"w":1200,"h":1660}
},
"3-PINA/CAM_Boton_1.png":
{
	"frame": {"x":2,"y":1275,"w":953,"h":610},
	"rotated": false,
	"trimmed": true,
	"spriteSourceSize": {"x":126,"y":742,"w":953,"h":610},
	"sourceSize": {"w":1200,"h":1660}
},
"6-GAFAS_PINA/6-gafa-1-azul.png":
{
	"frame": {"x":1786,"y":1242,"w":772,"h":249},
	"rotated": true,
	"trimmed": true,
	"spriteSourceSize": {"x":139,"y":557,"w":772,"h":249},
	"sourceSize": {"w":1200,"h":1660}
},
"REGALO_Camiseta.png":
{
	"frame": {"x":980,"y":1242,"w":800,"h":800},
	"rotated": false,
	"trimmed": false,
	"spriteSourceSize": {"x":0,"y":0,"w":800,"h":800},
	"sourceSize": {"w":800,"h":800}
}},
"animations": {
},
"meta": {
	"app": "https://www.codeandweb.com/texturepacker",
	"version": "1.0",
	"image": "images-17.png",
	"format": "RGBA8888",
	"size": {"w":2048,"h":2048},
	"scale": "1",
	"related_multi_packs": [ "images-0.json", "images-1.json", "images-2.json", "images-3.json", "images-4.json", "images-5.json", "images-6.json", "images-7.json", "images-8.json", "images-9.json", "images-10.json", "images-11.json", "images-12.json", "images-13.json", "images-14.json", "images-15.json", "images-16.json", "images-18.json", "images-19.json", "images-20.json", "images-21.json", "images-22.json", "images-23.json", "images-24.json", "images-25.json", "images-26.json", "images-27.json", "images-28.json", "images-29.json", "images-30.json", "images-31.json", "images-32.json", "images-33.json", "images-34.json", "images-35.json", "images-36.json" ],
	"smartupdate": "$TexturePacker:SmartUpdate:db183f9c8329c9f471ecacc435bbac66:428c61188975624da7e4dcfdd503d864:af0af6d4542f0e8402ece210e65003be$"
}
}
