{"frames": {

"3-PERA/CAM_ESPESIAL.png":
{
	"frame": {"x":2,"y":2,"w":900,"h":654},
	"rotated": false,
	"trimmed": true,
	"spriteSourceSize": {"x":142,"y":748,"w":900,"h":654},
	"sourceSize": {"w":1200,"h":1660}
},
"3-PERA/CAM_PICO_V_1.png":
{
	"frame": {"x":908,"y":2,"w":900,"h":654},
	"rotated": false,
	"trimmed": true,
	"spriteSourceSize": {"x":142,"y":748,"w":900,"h":654},
	"sourceSize": {"w":1200,"h":1660}
},
"3-PERA/CAM_PICO_V_2.png":
{
	"frame": {"x":2,"y":1132,"w":900,"h":654},
	"rotated": true,
	"trimmed": true,
	"spriteSourceSize": {"x":142,"y":748,"w":900,"h":654},
	"sourceSize": {"w":1200,"h":1660}
},
"3-PERA/CAM_PICO_V_Descuelgue.png":
{
	"frame": {"x":662,"y":1132,"w":900,"h":654},
	"rotated": true,
	"trimmed": true,
	"spriteSourceSize": {"x":142,"y":748,"w":900,"h":654},
	"sourceSize": {"w":1200,"h":1660}
},
"5-SOMB_PERA/5-somb_b.png":
{
	"frame": {"x":2,"y":662,"w":462,"h":327},
	"rotated": true,
	"trimmed": true,
	"spriteSourceSize": {"x":247,"y":85,"w":462,"h":327},
	"sourceSize": {"w":1200,"h":1660}
},
"5-SOMB_PERA/5-somb_br.png":
{
	"frame": {"x":335,"y":662,"w":462,"h":327},
	"rotated": true,
	"trimmed": true,
	"spriteSourceSize": {"x":247,"y":85,"w":462,"h":327},
	"sourceSize": {"w":1200,"h":1660}
},
"5-SOMB_PERA/5-somb_g.png":
{
	"frame": {"x":668,"y":662,"w":462,"h":327},
	"rotated": true,
	"trimmed": true,
	"spriteSourceSize": {"x":247,"y":85,"w":462,"h":327},
	"sourceSize": {"w":1200,"h":1660}
},
"5-SOMB_PINA/5-somb_b.png":
{
	"frame": {"x":1654,"y":1229,"w":533,"h":379},
	"rotated": true,
	"trimmed": true,
	"spriteSourceSize": {"x":186,"y":219,"w":533,"h":379},
	"sourceSize": {"w":1200,"h":1660}
},
"6-GAFAS_PINA/6-gafa-SP_1.png":
{
	"frame": {"x":1322,"y":1229,"w":777,"h":326},
	"rotated": true,
	"trimmed": true,
	"spriteSourceSize": {"x":137,"y":534,"w":777,"h":326},
	"sourceSize": {"w":1200,"h":1660}
},
"EMPTY.png":
{
	"frame": {"x":1001,"y":662,"w":298,"h":298},
	"rotated": false,
	"trimmed": true,
	"spriteSourceSize": {"x":51,"y":51,"w":298,"h":298},
	"sourceSize": {"w":400,"h":400}
},
"PIEZAS_TIENDA/C_Cora.png":
{
	"frame": {"x":1322,"y":662,"w":486,"h":561},
	"rotated": false,
	"trimmed": true,
	"spriteSourceSize": {"x":44,"y":17,"w":486,"h":561},
	"sourceSize": {"w":600,"h":600}
},
"PIEZAS_TIENDA/GAF_Rosa.png":
{
	"frame": {"x":1814,"y":2,"w":559,"h":182},
	"rotated": true,
	"trimmed": true,
	"spriteSourceSize": {"x":21,"y":190,"w":559,"h":182},
	"sourceSize": {"w":600,"h":600}
},
"PIEZAS_TIENDA/GAF_Verde.png":
{
	"frame": {"x":1814,"y":567,"w":559,"h":182},
	"rotated": true,
	"trimmed": true,
	"spriteSourceSize": {"x":21,"y":190,"w":559,"h":182},
	"sourceSize": {"w":600,"h":600}
}},
"animations": {
	"3-PERA/CAM_PICO_V": ["3-PERA/CAM_PICO_V_1.png","3-PERA/CAM_PICO_V_2.png"]
},
"meta": {
	"app": "https://www.codeandweb.com/texturepacker",
	"version": "1.0",
	"image": "images-28.png",
	"format": "RGBA8888",
	"size": {"w":2048,"h":2048},
	"scale": "1",
	"related_multi_packs": [ "images-0.json", "images-1.json", "images-2.json", "images-3.json", "images-4.json", "images-5.json", "images-6.json", "images-7.json", "images-8.json", "images-9.json", "images-10.json", "images-11.json", "images-12.json", "images-13.json", "images-14.json", "images-15.json", "images-16.json", "images-17.json", "images-18.json", "images-19.json", "images-20.json", "images-21.json", "images-22.json", "images-23.json", "images-24.json", "images-25.json", "images-26.json", "images-27.json", "images-29.json", "images-30.json", "images-31.json", "images-32.json", "images-33.json", "images-34.json", "images-35.json", "images-36.json" ],
	"smartupdate": "$TexturePacker:SmartUpdate:db183f9c8329c9f471ecacc435bbac66:428c61188975624da7e4dcfdd503d864:af0af6d4542f0e8402ece210e65003be$"
}
}
