{"frames": {

"2-CARA-PL/2-PL_WOMAN.png":
{
	"frame": {"x":2,"y":1635,"w":411,"h":214},
	"rotated": true,
	"trimmed": true,
	"spriteSourceSize": {"x":403,"y":621,"w":411,"h":214},
	"sourceSize": {"w":1200,"h":1660}
},
"3-LIMON/CAM_ABAJO_A_1.png":
{
	"frame": {"x":2,"y":657,"w":972,"h":647},
	"rotated": true,
	"trimmed": true,
	"spriteSourceSize": {"x":88,"y":736,"w":972,"h":647},
	"sourceSize": {"w":1200,"h":1660}
},
"3-LIMON/CAM_ABAJO_A_2.png":
{
	"frame": {"x":655,"y":657,"w":972,"h":647},
	"rotated": true,
	"trimmed": true,
	"spriteSourceSize": {"x":88,"y":736,"w":972,"h":647},
	"sourceSize": {"w":1200,"h":1660}
},
"3-LIMON/CAM_ACT.png":
{
	"frame": {"x":1308,"y":657,"w":972,"h":647},
	"rotated": true,
	"trimmed": true,
	"spriteSourceSize": {"x":88,"y":736,"w":972,"h":647},
	"sourceSize": {"w":1200,"h":1660}
},
"3-LIMON/CAM_Boton_1.png":
{
	"frame": {"x":2,"y":2,"w":978,"h":649},
	"rotated": false,
	"trimmed": true,
	"spriteSourceSize": {"x":82,"y":734,"w":978,"h":649},
	"sourceSize": {"w":1200,"h":1660}
},
"3-LIMON/CAM_SEB.png":
{
	"frame": {"x":986,"y":2,"w":978,"h":649},
	"rotated": false,
	"trimmed": true,
	"spriteSourceSize": {"x":82,"y":734,"w":978,"h":649},
	"sourceSize": {"w":1200,"h":1660}
},
"PIEZAS_TIENDA/G_LI.png":
{
	"frame": {"x":222,"y":1635,"w":562,"h":410},
	"rotated": false,
	"trimmed": true,
	"spriteSourceSize": {"x":26,"y":85,"w":562,"h":410},
	"sourceSize": {"w":600,"h":600}
},
"PIEZAS_TIENDA/G_PE.png":
{
	"frame": {"x":790,"y":1635,"w":562,"h":410},
	"rotated": false,
	"trimmed": true,
	"spriteSourceSize": {"x":25,"y":85,"w":562,"h":410},
	"sourceSize": {"w":600,"h":600}
},
"PIEZAS_TIENDA/G_PI.png":
{
	"frame": {"x":1358,"y":1635,"w":562,"h":410},
	"rotated": false,
	"trimmed": true,
	"spriteSourceSize": {"x":26,"y":85,"w":562,"h":410},
	"sourceSize": {"w":600,"h":600}
}},
"animations": {
	"3-LIMON/CAM_ABAJO_A": ["3-LIMON/CAM_ABAJO_A_1.png","3-LIMON/CAM_ABAJO_A_2.png"]
},
"meta": {
	"app": "https://www.codeandweb.com/texturepacker",
	"version": "1.0",
	"image": "images-11.png",
	"format": "RGBA8888",
	"size": {"w":2048,"h":2048},
	"scale": "1",
	"related_multi_packs": [ "images-0.json", "images-1.json", "images-2.json", "images-3.json", "images-4.json", "images-5.json", "images-6.json", "images-7.json", "images-8.json", "images-9.json", "images-10.json", "images-12.json", "images-13.json", "images-14.json", "images-15.json", "images-16.json", "images-17.json", "images-18.json", "images-19.json", "images-20.json", "images-21.json", "images-22.json", "images-23.json", "images-24.json", "images-25.json", "images-26.json", "images-27.json", "images-28.json", "images-29.json", "images-30.json", "images-31.json", "images-32.json", "images-33.json", "images-34.json", "images-35.json", "images-36.json" ],
	"smartupdate": "$TexturePacker:SmartUpdate:db183f9c8329c9f471ecacc435bbac66:428c61188975624da7e4dcfdd503d864:af0af6d4542f0e8402ece210e65003be$"
}
}
