{"frames": {

"3-PERA/CAM_Boton_1.png":
{
	"frame": {"x":1343,"y":1131,"w":900,"h":664},
	"rotated": true,
	"trimmed": true,
	"spriteSourceSize": {"x":142,"y":738,"w":900,"h":664},
	"sourceSize": {"w":1200,"h":1660}
},
"6-GAFAS_LIMON/6-gafa-SP_2.png":
{
	"frame": {"x":967,"y":1131,"w":906,"h":370},
	"rotated": true,
	"trimmed": true,
	"spriteSourceSize": {"x":65,"y":491,"w":906,"h":370},
	"sourceSize": {"w":1200,"h":1660}
},
"ANUNCIO_Nuevos_Items.png":
{
	"frame": {"x":967,"y":2,"w":1123,"h":1074},
	"rotated": true,
	"trimmed": true,
	"spriteSourceSize": {"x":42,"y":323,"w":1123,"h":1074},
	"sourceSize": {"w":1200,"h":1660}
},
"PIEZAS_TIENDA/C_SEB.png":
{
	"frame": {"x":2,"y":1501,"w":458,"h":539},
	"rotated": false,
	"trimmed": true,
	"spriteSourceSize": {"x":71,"y":25,"w":458,"h":539},
	"sourceSize": {"w":600,"h":600}
},
"R-x10.png":
{
	"frame": {"x":466,"y":1501,"w":537,"h":382},
	"rotated": true,
	"trimmed": true,
	"spriteSourceSize": {"x":319,"y":335,"w":537,"h":382},
	"sourceSize": {"w":1200,"h":800}
},
"TUTO_1.png":
{
	"frame": {"x":2,"y":2,"w":959,"h":1493},
	"rotated": false,
	"trimmed": true,
	"spriteSourceSize": {"x":19,"y":36,"w":959,"h":1493},
	"sourceSize": {"w":1000,"h":1600}
}},
"animations": {
},
"meta": {
	"app": "https://www.codeandweb.com/texturepacker",
	"version": "1.0",
	"image": "images-2.png",
	"format": "RGBA8888",
	"size": {"w":2048,"h":2048},
	"scale": "1",
	"related_multi_packs": [ "images-0.json", "images-1.json", "images-3.json", "images-4.json", "images-5.json", "images-6.json", "images-7.json", "images-8.json", "images-9.json", "images-10.json", "images-11.json", "images-12.json", "images-13.json", "images-14.json", "images-15.json", "images-16.json", "images-17.json", "images-18.json", "images-19.json", "images-20.json", "images-21.json", "images-22.json", "images-23.json", "images-24.json", "images-25.json", "images-26.json", "images-27.json", "images-28.json", "images-29.json", "images-30.json", "images-31.json", "images-32.json", "images-33.json", "images-34.json", "images-35.json", "images-36.json" ],
	"smartupdate": "$TexturePacker:SmartUpdate:db183f9c8329c9f471ecacc435bbac66:428c61188975624da7e4dcfdd503d864:af0af6d4542f0e8402ece210e65003be$"
}
}
