{"frames": {

"1-FRUTA/1-PINA_1.png":
{
	"frame": {"x":2,"y":2,"w":941,"h":1253},
	"rotated": false,
	"trimmed": true,
	"spriteSourceSize": {"x":130,"y":202,"w":941,"h":1253},
	"sourceSize": {"w":1200,"h":1660}
},
"2-CARA-PL/2-PL_HAPPY.png":
{
	"frame": {"x":1343,"y":1028,"w":389,"h":226},
	"rotated": false,
	"trimmed": true,
	"spriteSourceSize": {"x":421,"y":621,"w":389,"h":226},
	"sourceSize": {"w":1200,"h":1660}
},
"2-CARA-PL/2-PL_SMILE.png":
{
	"frame": {"x":949,"y":1028,"w":388,"h":227},
	"rotated": false,
	"trimmed": true,
	"spriteSourceSize": {"x":421,"y":620,"w":388,"h":227},
	"sourceSize": {"w":1200,"h":1660}
},
"4-MANO-FRONT/4-Laud_1.png":
{
	"frame": {"x":782,"y":1261,"w":429,"h":784},
	"rotated": false,
	"trimmed": true,
	"spriteSourceSize": {"x":187,"y":766,"w":429,"h":784},
	"sourceSize": {"w":1200,"h":1660}
},
"4-MANO-FRONT/4-Laud_2.png":
{
	"frame": {"x":1217,"y":1261,"w":429,"h":784},
	"rotated": false,
	"trimmed": true,
	"spriteSourceSize": {"x":187,"y":766,"w":429,"h":784},
	"sourceSize": {"w":1200,"h":1660}
},
"6-GAFAS_LIMON/6-gafa-HEMO.png":
{
	"frame": {"x":1738,"y":1028,"w":882,"h":308},
	"rotated": true,
	"trimmed": true,
	"spriteSourceSize": {"x":84,"y":556,"w":882,"h":308},
	"sourceSize": {"w":1200,"h":1660}
},
"6-GAFAS_PERA/6-gafa-HEMO.png":
{
	"frame": {"x":949,"y":358,"w":591,"h":254},
	"rotated": true,
	"trimmed": true,
	"spriteSourceSize": {"x":269,"y":437,"w":591,"h":254},
	"sourceSize": {"w":1200,"h":1660}
},
"P-enserio.png":
{
	"frame": {"x":949,"y":2,"w":1096,"h":350},
	"rotated": false,
	"trimmed": true,
	"spriteSourceSize": {"x":52,"y":0,"w":1096,"h":350},
	"sourceSize": {"w":1200,"h":350}
},
"R-x30.png":
{
	"frame": {"x":1217,"y":358,"w":824,"h":664},
	"rotated": false,
	"trimmed": true,
	"spriteSourceSize": {"x":208,"y":53,"w":824,"h":664},
	"sourceSize": {"w":1200,"h":800}
},
"Select-PERA.png":
{
	"frame": {"x":2,"y":1261,"w":774,"h":784},
	"rotated": false,
	"trimmed": true,
	"spriteSourceSize": {"x":5,"y":8,"w":774,"h":784},
	"sourceSize": {"w":800,"h":800}
}},
"animations": {
	"4-MANO-FRONT/4-Laud": ["4-MANO-FRONT/4-Laud_1.png","4-MANO-FRONT/4-Laud_2.png"]
},
"meta": {
	"app": "https://www.codeandweb.com/texturepacker",
	"version": "1.0",
	"image": "images-8.png",
	"format": "RGBA8888",
	"size": {"w":2048,"h":2048},
	"scale": "1",
	"related_multi_packs": [ "images-0.json", "images-1.json", "images-2.json", "images-3.json", "images-4.json", "images-5.json", "images-6.json", "images-7.json", "images-9.json", "images-10.json", "images-11.json", "images-12.json", "images-13.json", "images-14.json", "images-15.json", "images-16.json", "images-17.json", "images-18.json", "images-19.json", "images-20.json", "images-21.json", "images-22.json", "images-23.json", "images-24.json", "images-25.json", "images-26.json", "images-27.json", "images-28.json", "images-29.json", "images-30.json", "images-31.json", "images-32.json", "images-33.json", "images-34.json", "images-35.json", "images-36.json" ],
	"smartupdate": "$TexturePacker:SmartUpdate:db183f9c8329c9f471ecacc435bbac66:428c61188975624da7e4dcfdd503d864:af0af6d4542f0e8402ece210e65003be$"
}
}
