{"frames": {

"2-CARA-P/2-P_CUTE.png":
{
	"frame": {"x":1919,"y":1645,"w":276,"h":119},
	"rotated": true,
	"trimmed": true,
	"spriteSourceSize": {"x":496,"y":513,"w":276,"h":119},
	"sourceSize": {"w":1200,"h":1660}
},
"4-MANO-FRONT/4-Bandu_1.png":
{
	"frame": {"x":2,"y":1645,"w":401,"h":633},
	"rotated": true,
	"trimmed": true,
	"spriteSourceSize": {"x":210,"y":785,"w":401,"h":633},
	"sourceSize": {"w":1200,"h":1660}
},
"4-MANO-FRONT/4-Bandu_2.png":
{
	"frame": {"x":641,"y":1645,"w":401,"h":633},
	"rotated": true,
	"trimmed": true,
	"spriteSourceSize": {"x":210,"y":785,"w":401,"h":633},
	"sourceSize": {"w":1200,"h":1660}
},
"4-MANO-FRONT/4-Bandu_3.png":
{
	"frame": {"x":1280,"y":1645,"w":401,"h":633},
	"rotated": true,
	"trimmed": true,
	"spriteSourceSize": {"x":210,"y":785,"w":401,"h":633},
	"sourceSize": {"w":1200,"h":1660}
},
"M-PIQU3_VIRGEN.png":
{
	"frame": {"x":2,"y":2,"w":2044,"h":1637},
	"rotated": false,
	"trimmed": false,
	"spriteSourceSize": {"x":0,"y":0,"w":2044,"h":1637},
	"sourceSize": {"w":2044,"h":1637}
}},
"animations": {
	"4-MANO-FRONT/4-Bandu": ["4-MANO-FRONT/4-Bandu_1.png","4-MANO-FRONT/4-Bandu_2.png","4-MANO-FRONT/4-Bandu_3.png"]
},
"meta": {
	"app": "https://www.codeandweb.com/texturepacker",
	"version": "1.0",
	"image": "images-0.png",
	"format": "RGBA8888",
	"size": {"w":2048,"h":2048},
	"scale": "1",
	"related_multi_packs": [ "images-1.json", "images-2.json", "images-3.json", "images-4.json", "images-5.json", "images-6.json", "images-7.json", "images-8.json", "images-9.json", "images-10.json", "images-11.json", "images-12.json", "images-13.json", "images-14.json", "images-15.json", "images-16.json", "images-17.json", "images-18.json", "images-19.json", "images-20.json", "images-21.json", "images-22.json", "images-23.json", "images-24.json", "images-25.json", "images-26.json", "images-27.json", "images-28.json", "images-29.json", "images-30.json", "images-31.json", "images-32.json", "images-33.json", "images-34.json", "images-35.json", "images-36.json" ],
	"smartupdate": "$TexturePacker:SmartUpdate:db183f9c8329c9f471ecacc435bbac66:428c61188975624da7e4dcfdd503d864:af0af6d4542f0e8402ece210e65003be$"
}
}
