{"frames": {

"5-SOMB_LIMON/5-PROMO_Cuevas.png":
{
	"frame": {"x":1111,"y":1614,"w":547,"h":398},
	"rotated": false,
	"trimmed": true,
	"spriteSourceSize": {"x":199,"y":128,"w":547,"h":398},
	"sourceSize": {"w":1200,"h":1660}
},
"5-SOMB_PINA/5-PROMO_Bonsai.png":
{
	"frame": {"x":557,"y":1614,"w":548,"h":399},
	"rotated": false,
	"trimmed": true,
	"spriteSourceSize": {"x":227,"y":179,"w":548,"h":399},
	"sourceSize": {"w":1200,"h":1660}
},
"5-SOMB_PINA/5-PROMO_Cohiba.png":
{
	"frame": {"x":2,"y":1614,"w":549,"h":399},
	"rotated": false,
	"trimmed": true,
	"spriteSourceSize": {"x":227,"y":179,"w":549,"h":399},
	"sourceSize": {"w":1200,"h":1660}
},
"PIEZAS_TIENDA/CARA_JUM.png":
{
	"frame": {"x":808,"y":2,"w":527,"h":297},
	"rotated": true,
	"trimmed": true,
	"spriteSourceSize": {"x":49,"y":152,"w":527,"h":297},
	"sourceSize": {"w":600,"h":600}
},
"PIEZAS_TIENDA/S_G.png":
{
	"frame": {"x":1664,"y":808,"w":594,"h":371},
	"rotated": true,
	"trimmed": true,
	"spriteSourceSize": {"x":2,"y":84,"w":594,"h":371},
	"sourceSize": {"w":600,"h":600}
},
"PIEZAS_TIENDA/S_W.png":
{
	"frame": {"x":1664,"y":1408,"w":594,"h":371},
	"rotated": true,
	"trimmed": true,
	"spriteSourceSize": {"x":2,"y":84,"w":594,"h":371},
	"sourceSize": {"w":600,"h":600}
},
"REGALO_Gafas_Dorado.png":
{
	"frame": {"x":2,"y":2,"w":800,"h":800},
	"rotated": false,
	"trimmed": false,
	"spriteSourceSize": {"x":0,"y":0,"w":800,"h":800},
	"sourceSize": {"w":800,"h":800}
},
"REGALO_Gafas_Estrella.png":
{
	"frame": {"x":2,"y":808,"w":800,"h":800},
	"rotated": false,
	"trimmed": false,
	"spriteSourceSize": {"x":0,"y":0,"w":800,"h":800},
	"sourceSize": {"w":800,"h":800}
},
"REGALO_Gafas_Sol.png":
{
	"frame": {"x":1111,"y":2,"w":800,"h":800},
	"rotated": false,
	"trimmed": false,
	"spriteSourceSize": {"x":0,"y":0,"w":800,"h":800},
	"sourceSize": {"w":800,"h":800}
},
"REGALO_Gorra.png":
{
	"frame": {"x":808,"y":808,"w":800,"h":800},
	"rotated": false,
	"trimmed": false,
	"spriteSourceSize": {"x":0,"y":0,"w":800,"h":800},
	"sourceSize": {"w":800,"h":800}
}},
"meta": {
	"app": "https://www.codeandweb.com/texturepacker",
	"version": "1.0",
	"image": "images-34.png",
	"format": "RGBA8888",
	"size": {"w":2048,"h":2048},
	"scale": "1",
	"related_multi_packs": [ "images-0.json", "images-1.json", "images-2.json", "images-3.json", "images-4.json", "images-5.json", "images-6.json", "images-7.json", "images-8.json", "images-9.json", "images-10.json", "images-11.json", "images-12.json", "images-13.json", "images-14.json", "images-15.json", "images-16.json", "images-17.json", "images-18.json", "images-19.json", "images-20.json", "images-21.json", "images-22.json", "images-23.json", "images-24.json", "images-25.json", "images-26.json", "images-27.json", "images-28.json", "images-29.json", "images-30.json", "images-31.json", "images-32.json", "images-33.json", "images-35.json", "images-36.json" ],
	"smartupdate": "$TexturePacker:SmartUpdate:db183f9c8329c9f471ecacc435bbac66:428c61188975624da7e4dcfdd503d864:af0af6d4542f0e8402ece210e65003be$"
}
}
