{"frames": {

"1-FRUTA/1-PERA_1.png":
{
	"frame": {"x":2,"y":2,"w":897,"h":1487},
	"rotated": false,
	"trimmed": true,
	"spriteSourceSize": {"x":143,"y":0,"w":897,"h":1487},
	"sourceSize": {"w":1200,"h":1660}
},
"2-CARA-P/2-P_HAPPY.png":
{
	"frame": {"x":905,"y":1133,"w":354,"h":206},
	"rotated": true,
	"trimmed": true,
	"spriteSourceSize": {"x":447,"y":501,"w":354,"h":206},
	"sourceSize": {"w":1200,"h":1660}
},
"2-CARA-P/2-P_MORRITOS.png":
{
	"frame": {"x":1334,"y":1133,"w":352,"h":199},
	"rotated": true,
	"trimmed": true,
	"spriteSourceSize": {"x":448,"y":501,"w":352,"h":199},
	"sourceSize": {"w":1200,"h":1660}
},
"2-CARA-P/2-P_SMILE.png":
{
	"frame": {"x":1117,"y":1133,"w":352,"h":211},
	"rotated": true,
	"trimmed": true,
	"spriteSourceSize": {"x":448,"y":500,"w":352,"h":211},
	"sourceSize": {"w":1200,"h":1660}
},
"5-SOMB_LIMON/5-PROMO_Caprese.png":
{
	"frame": {"x":558,"y":1495,"w":549,"h":399},
	"rotated": true,
	"trimmed": true,
	"spriteSourceSize": {"x":198,"y":129,"w":549,"h":399},
	"sourceSize": {"w":1200,"h":1660}
},
"5-SOMB_LIMON/5-somb_b.png":
{
	"frame": {"x":963,"y":1493,"w":553,"h":363},
	"rotated": true,
	"trimmed": true,
	"spriteSourceSize": {"x":154,"y":201,"w":553,"h":363},
	"sourceSize": {"w":1200,"h":1660}
},
"5-SOMB_LIMON/5-somb_br.png":
{
	"frame": {"x":1332,"y":1491,"w":553,"h":363},
	"rotated": true,
	"trimmed": true,
	"spriteSourceSize": {"x":154,"y":201,"w":553,"h":363},
	"sourceSize": {"w":1200,"h":1660}
},
"6-GAFAS_PERA/6-gafa-corazon.png":
{
	"frame": {"x":1701,"y":1365,"w":592,"h":342},
	"rotated": true,
	"trimmed": true,
	"spriteSourceSize": {"x":269,"y":348,"w":592,"h":342},
	"sourceSize": {"w":1200,"h":1660}
},
"FRUTILLAS_2.png":
{
	"frame": {"x":2,"y":1495,"w":550,"h":550},
	"rotated": false,
	"trimmed": false,
	"spriteSourceSize": {"x":0,"y":0,"w":550,"h":550},
	"sourceSize": {"w":550,"h":550}
},
"GANA_xDINERO.png":
{
	"frame": {"x":1539,"y":1133,"w":507,"h":226},
	"rotated": false,
	"trimmed": false,
	"spriteSourceSize": {"x":0,"y":0,"w":507,"h":226},
	"sourceSize": {"w":507,"h":226}
},
"P-enhorabuena.png":
{
	"frame": {"x":905,"y":2,"w":1136,"h":320},
	"rotated": false,
	"trimmed": true,
	"spriteSourceSize": {"x":32,"y":15,"w":1136,"h":320},
	"sourceSize": {"w":1200,"h":350}
},
"Tramas_Blanza_ARRIBA.png":
{
	"frame": {"x":963,"y":328,"w":799,"h":1047},
	"rotated": true,
	"trimmed": true,
	"spriteSourceSize": {"x":0,"y":0,"w":799,"h":1047},
	"sourceSize": {"w":800,"h":1058}
}},
"animations": {
},
"meta": {
	"app": "https://www.codeandweb.com/texturepacker",
	"version": "1.0",
	"image": "images-4.png",
	"format": "RGBA8888",
	"size": {"w":2048,"h":2048},
	"scale": "1",
	"related_multi_packs": [ "images-0.json", "images-1.json", "images-2.json", "images-3.json", "images-5.json", "images-6.json", "images-7.json", "images-8.json", "images-9.json", "images-10.json", "images-11.json", "images-12.json", "images-13.json", "images-14.json", "images-15.json", "images-16.json", "images-17.json", "images-18.json", "images-19.json", "images-20.json", "images-21.json", "images-22.json", "images-23.json", "images-24.json", "images-25.json", "images-26.json", "images-27.json", "images-28.json", "images-29.json", "images-30.json", "images-31.json", "images-32.json", "images-33.json", "images-34.json", "images-35.json", "images-36.json" ],
	"smartupdate": "$TexturePacker:SmartUpdate:db183f9c8329c9f471ecacc435bbac66:428c61188975624da7e4dcfdd503d864:af0af6d4542f0e8402ece210e65003be$"
}
}
