{"frames": {

"3-PINA/CAM_ABAJO_N_2.png":
{
	"frame": {"x":961,"y":2,"w":949,"h":603},
	"rotated": false,
	"trimmed": true,
	"spriteSourceSize": {"x":130,"y":749,"w":949,"h":603},
	"sourceSize": {"w":1200,"h":1660}
},
"3-PINA/CAM_ACT.png":
{
	"frame": {"x":961,"y":611,"w":949,"h":603},
	"rotated": false,
	"trimmed": true,
	"spriteSourceSize": {"x":130,"y":749,"w":949,"h":603},
	"sourceSize": {"w":1200,"h":1660}
},
"3-PINA/CAM_ARRIBA_N_2.png":
{
	"frame": {"x":2,"y":618,"w":949,"h":603},
	"rotated": false,
	"trimmed": true,
	"spriteSourceSize": {"x":130,"y":749,"w":949,"h":603},
	"sourceSize": {"w":1200,"h":1660}
},
"3-PINA/CAM_SEB.png":
{
	"frame": {"x":2,"y":2,"w":953,"h":610},
	"rotated": false,
	"trimmed": true,
	"spriteSourceSize": {"x":126,"y":742,"w":953,"h":610},
	"sourceSize": {"w":1200,"h":1660}
},
"4-MANO-FRONT/4-Guit_Fantasia_1.png":
{
	"frame": {"x":2,"y":1227,"w":426,"h":819},
	"rotated": false,
	"trimmed": true,
	"spriteSourceSize": {"x":183,"y":765,"w":426,"h":819},
	"sourceSize": {"w":1200,"h":1660}
},
"4-MANO-FRONT/4-Guit_Pino.png":
{
	"frame": {"x":434,"y":1227,"w":426,"h":819},
	"rotated": false,
	"trimmed": true,
	"spriteSourceSize": {"x":183,"y":765,"w":426,"h":819},
	"sourceSize": {"w":1200,"h":1660}
},
"4-MANO-FRONT/4-Guit_Roble.png":
{
	"frame": {"x":866,"y":1227,"w":426,"h":819},
	"rotated": false,
	"trimmed": true,
	"spriteSourceSize": {"x":183,"y":765,"w":426,"h":819},
	"sourceSize": {"w":1200,"h":1660}
},
"PIEZAS_TIENDA/PROMO_C_BarCora.png":
{
	"frame": {"x":1298,"y":1220,"w":646,"h":746},
	"rotated": true,
	"trimmed": true,
	"spriteSourceSize": {"x":102,"y":52,"w":646,"h":746},
	"sourceSize": {"w":850,"h":850}
}},
"animations": {
},
"meta": {
	"app": "https://www.codeandweb.com/texturepacker",
	"version": "1.0",
	"image": "images-18.png",
	"format": "RGBA8888",
	"size": {"w":2048,"h":2048},
	"scale": "1",
	"related_multi_packs": [ "images-0.json", "images-1.json", "images-2.json", "images-3.json", "images-4.json", "images-5.json", "images-6.json", "images-7.json", "images-8.json", "images-9.json", "images-10.json", "images-11.json", "images-12.json", "images-13.json", "images-14.json", "images-15.json", "images-16.json", "images-17.json", "images-19.json", "images-20.json", "images-21.json", "images-22.json", "images-23.json", "images-24.json", "images-25.json", "images-26.json", "images-27.json", "images-28.json", "images-29.json", "images-30.json", "images-31.json", "images-32.json", "images-33.json", "images-34.json", "images-35.json", "images-36.json" ],
	"smartupdate": "$TexturePacker:SmartUpdate:db183f9c8329c9f471ecacc435bbac66:428c61188975624da7e4dcfdd503d864:af0af6d4542f0e8402ece210e65003be$"
}
}
