{"frames": {

"3-PINA/PROM_CAM_Florista.png":
{
	"frame": {"x":2,"y":2,"w":949,"h":603},
	"rotated": false,
	"trimmed": true,
	"spriteSourceSize": {"x":130,"y":749,"w":949,"h":603},
	"sourceSize": {"w":1200,"h":1660}
},
"3-PINA/PROM_CAM_Juan.png":
{
	"frame": {"x":957,"y":2,"w":949,"h":603},
	"rotated": false,
	"trimmed": true,
	"spriteSourceSize": {"x":130,"y":749,"w":949,"h":603},
	"sourceSize": {"w":1200,"h":1660}
},
"3-PINA/PROM_CAM_Lala.png":
{
	"frame": {"x":2,"y":611,"w":949,"h":603},
	"rotated": true,
	"trimmed": true,
	"spriteSourceSize": {"x":130,"y":749,"w":949,"h":603},
	"sourceSize": {"w":1200,"h":1660}
},
"3-PINA/PROM_CAM_Lomar.png":
{
	"frame": {"x":611,"y":611,"w":949,"h":603},
	"rotated": true,
	"trimmed": true,
	"spriteSourceSize": {"x":130,"y":749,"w":949,"h":603},
	"sourceSize": {"w":1200,"h":1660}
},
"3-PINA/PROM_CAM_Neuteide.png":
{
	"frame": {"x":1220,"y":611,"w":949,"h":603},
	"rotated": true,
	"trimmed": true,
	"spriteSourceSize": {"x":130,"y":749,"w":949,"h":603},
	"sourceSize": {"w":1200,"h":1660}
},
"6-GAFAS_PERA/6-gafa-1-rosa.png":
{
	"frame": {"x":1829,"y":611,"w":590,"h":204},
	"rotated": true,
	"trimmed": true,
	"spriteSourceSize": {"x":272,"y":439,"w":590,"h":204},
	"sourceSize": {"w":1200,"h":1660}
},
"heart.png":
{
	"frame": {"x":2,"y":1566,"w":512,"h":471},
	"rotated": false,
	"trimmed": false,
	"spriteSourceSize": {"x":0,"y":0,"w":512,"h":471},
	"sourceSize": {"w":512,"h":471}
},
"ICON_Ranking.png":
{
	"frame": {"x":1829,"y":1207,"w":200,"h":200},
	"rotated": false,
	"trimmed": false,
	"spriteSourceSize": {"x":0,"y":0,"w":200,"h":200},
	"sourceSize": {"w":200,"h":200}
},
"PIEZAS_TIENDA/CARA_HAPPIEST.png":
{
	"frame": {"x":1585,"y":1566,"w":456,"h":373},
	"rotated": false,
	"trimmed": true,
	"spriteSourceSize": {"x":81,"y":114,"w":456,"h":373},
	"sourceSize": {"w":600,"h":600}
},
"PIEZAS_TIENDA/M_B1.png":
{
	"frame": {"x":1052,"y":1566,"w":469,"h":527},
	"rotated": true,
	"trimmed": true,
	"spriteSourceSize": {"x":66,"y":37,"w":469,"h":527},
	"sourceSize": {"w":600,"h":600}
},
"PIEZAS_TIENDA/M_B3.png":
{
	"frame": {"x":520,"y":1566,"w":470,"h":526},
	"rotated": true,
	"trimmed": true,
	"spriteSourceSize": {"x":37,"y":32,"w":470,"h":526},
	"sourceSize": {"w":600,"h":600}
}},
"animations": {
	"PIEZAS_TIENDA/M_B": ["PIEZAS_TIENDA/M_B1.png","PIEZAS_TIENDA/M_B3.png"]
},
"meta": {
	"app": "https://www.codeandweb.com/texturepacker",
	"version": "1.0",
	"image": "images-22.png",
	"format": "RGBA8888",
	"size": {"w":2048,"h":2048},
	"scale": "1",
	"related_multi_packs": [ "images-0.json", "images-1.json", "images-2.json", "images-3.json", "images-4.json", "images-5.json", "images-6.json", "images-7.json", "images-8.json", "images-9.json", "images-10.json", "images-11.json", "images-12.json", "images-13.json", "images-14.json", "images-15.json", "images-16.json", "images-17.json", "images-18.json", "images-19.json", "images-20.json", "images-21.json", "images-23.json", "images-24.json", "images-25.json", "images-26.json", "images-27.json", "images-28.json", "images-29.json", "images-30.json", "images-31.json", "images-32.json", "images-33.json", "images-34.json", "images-35.json", "images-36.json" ],
	"smartupdate": "$TexturePacker:SmartUpdate:db183f9c8329c9f471ecacc435bbac66:428c61188975624da7e4dcfdd503d864:af0af6d4542f0e8402ece210e65003be$"
}
}
