{"frames": {

"3-PINA/CAM_BASE.png":
{
	"frame": {"x":2,"y":2,"w":949,"h":603},
	"rotated": false,
	"trimmed": true,
	"spriteSourceSize": {"x":130,"y":749,"w":949,"h":603},
	"sourceSize": {"w":1200,"h":1660}
},
"3-PINA/CAM_BASE_line.png":
{
	"frame": {"x":957,"y":2,"w":949,"h":603},
	"rotated": false,
	"trimmed": true,
	"spriteSourceSize": {"x":130,"y":749,"w":949,"h":603},
	"sourceSize": {"w":1200,"h":1660}
},
"3-PINA/CAM_BESTIA.png":
{
	"frame": {"x":2,"y":611,"w":949,"h":603},
	"rotated": true,
	"trimmed": true,
	"spriteSourceSize": {"x":130,"y":749,"w":949,"h":603},
	"sourceSize": {"w":1200,"h":1660}
},
"3-PINA/CAM_CORAZ.png":
{
	"frame": {"x":611,"y":611,"w":949,"h":603},
	"rotated": true,
	"trimmed": true,
	"spriteSourceSize": {"x":130,"y":749,"w":949,"h":603},
	"sourceSize": {"w":1200,"h":1660}
},
"3-PINA/CAM_CREARTE.png":
{
	"frame": {"x":1220,"y":611,"w":949,"h":603},
	"rotated": true,
	"trimmed": true,
	"spriteSourceSize": {"x":130,"y":749,"w":949,"h":603},
	"sourceSize": {"w":1200,"h":1660}
},
"4-MANO-FRONT/4-Pandereta.png":
{
	"frame": {"x":2,"y":1566,"w":561,"h":479},
	"rotated": false,
	"trimmed": true,
	"spriteSourceSize": {"x":210,"y":834,"w":561,"h":479},
	"sourceSize": {"w":1200,"h":1660}
},
"5-SOMB_LIMON/5-gorrap.png":
{
	"frame": {"x":1627,"y":1566,"w":468,"h":416},
	"rotated": true,
	"trimmed": true,
	"spriteSourceSize": {"x":187,"y":189,"w":468,"h":416},
	"sourceSize": {"w":1200,"h":1660}
},
"5-SOMB_PERA/5-PROMO_Bonsai.png":
{
	"frame": {"x":1275,"y":1566,"w":476,"h":346},
	"rotated": true,
	"trimmed": true,
	"spriteSourceSize": {"x":282,"y":51,"w":476,"h":346},
	"sourceSize": {"w":1200,"h":1660}
},
"5-SOMB_PERA/5-PROMO_Caprese.png":
{
	"frame": {"x":569,"y":1566,"w":477,"h":347},
	"rotated": true,
	"trimmed": true,
	"spriteSourceSize": {"x":282,"y":51,"w":477,"h":347},
	"sourceSize": {"w":1200,"h":1660}
},
"5-SOMB_PERA/5-PROMO_Cohiba.png":
{
	"frame": {"x":922,"y":1566,"w":477,"h":347},
	"rotated": true,
	"trimmed": true,
	"spriteSourceSize": {"x":282,"y":51,"w":477,"h":347},
	"sourceSize": {"w":1200,"h":1660}
},
"6-GAFAS_PERA/6-gafa-SP_3.png":
{
	"frame": {"x":1829,"y":611,"w":573,"h":217},
	"rotated": true,
	"trimmed": true,
	"spriteSourceSize": {"x":282,"y":440,"w":573,"h":217},
	"sourceSize": {"w":1200,"h":1660}
},
"ICON_Gorras.png":
{
	"frame": {"x":1829,"y":1190,"w":280,"h":202},
	"rotated": true,
	"trimmed": true,
	"spriteSourceSize": {"x":10,"y":49,"w":280,"h":202},
	"sourceSize": {"w":300,"h":300}
}},
"animations": {
},
"meta": {
	"app": "https://www.codeandweb.com/texturepacker",
	"version": "1.0",
	"image": "images-19.png",
	"format": "RGBA8888",
	"size": {"w":2048,"h":2048},
	"scale": "1",
	"related_multi_packs": [ "images-0.json", "images-1.json", "images-2.json", "images-3.json", "images-4.json", "images-5.json", "images-6.json", "images-7.json", "images-8.json", "images-9.json", "images-10.json", "images-11.json", "images-12.json", "images-13.json", "images-14.json", "images-15.json", "images-16.json", "images-17.json", "images-18.json", "images-20.json", "images-21.json", "images-22.json", "images-23.json", "images-24.json", "images-25.json", "images-26.json", "images-27.json", "images-28.json", "images-29.json", "images-30.json", "images-31.json", "images-32.json", "images-33.json", "images-34.json", "images-35.json", "images-36.json" ],
	"smartupdate": "$TexturePacker:SmartUpdate:db183f9c8329c9f471ecacc435bbac66:428c61188975624da7e4dcfdd503d864:af0af6d4542f0e8402ece210e65003be$"
}
}
