{"frames": {

"1-FRUTA/1-LIMON_1.png":
{
	"frame": {"x":2,"y":2,"w":971,"h":1442},
	"rotated": false,
	"trimmed": true,
	"spriteSourceSize": {"x":88,"y":68,"w":971,"h":1442},
	"sourceSize": {"w":1200,"h":1660}
},
"6-GAFAS_LIMON/6-gafa-SP_3.png":
{
	"frame": {"x":979,"y":1178,"w":897,"h":261},
	"rotated": false,
	"trimmed": true,
	"spriteSourceSize": {"x":74,"y":562,"w":897,"h":261},
	"sourceSize": {"w":1200,"h":1660}
},
"6-GAFAS_PERA/6-gafa-SP_1.png":
{
	"frame": {"x":2,"y":1450,"w":595,"h":273},
	"rotated": true,
	"trimmed": true,
	"spriteSourceSize": {"x":269,"y":420,"w":595,"h":273},
	"sourceSize": {"w":1200,"h":1660}
},
"ICON_PIQU3.png":
{
	"frame": {"x":1035,"y":1445,"w":524,"h":600},
	"rotated": false,
	"trimmed": true,
	"spriteSourceSize": {"x":38,"y":0,"w":524,"h":600},
	"sourceSize": {"w":600,"h":600}
},
"Millo_10.png":
{
	"frame": {"x":1565,"y":1445,"w":600,"h":446},
	"rotated": true,
	"trimmed": true,
	"spriteSourceSize": {"x":0,"y":25,"w":600,"h":446},
	"sourceSize": {"w":600,"h":496}
},
"PIEZAS_TIENDA/S_B.png":
{
	"frame": {"x":281,"y":1450,"w":594,"h":371},
	"rotated": true,
	"trimmed": true,
	"spriteSourceSize": {"x":2,"y":84,"w":594,"h":371},
	"sourceSize": {"w":600,"h":600}
},
"PIEZAS_TIENDA/S_BR.png":
{
	"frame": {"x":658,"y":1450,"w":594,"h":371},
	"rotated": true,
	"trimmed": true,
	"spriteSourceSize": {"x":2,"y":84,"w":594,"h":371},
	"sourceSize": {"w":600,"h":600}
},
"sombra_multiplicar.png":
{
	"frame": {"x":1035,"y":2,"w":1010,"h":366},
	"rotated": false,
	"trimmed": true,
	"spriteSourceSize": {"x":95,"y":218,"w":1010,"h":366},
	"sourceSize": {"w":1200,"h":800}
},
"Tramas_Azul_BAJO.png":
{
	"frame": {"x":979,"y":374,"w":798,"h":1045},
	"rotated": true,
	"trimmed": true,
	"spriteSourceSize": {"x":2,"y":13,"w":798,"h":1045},
	"sourceSize": {"w":800,"h":1058}
}},
"animations": {
},
"meta": {
	"app": "https://www.codeandweb.com/texturepacker",
	"version": "1.0",
	"image": "images-5.png",
	"format": "RGBA8888",
	"size": {"w":2048,"h":2048},
	"scale": "1",
	"related_multi_packs": [ "images-0.json", "images-1.json", "images-2.json", "images-3.json", "images-4.json", "images-6.json", "images-7.json", "images-8.json", "images-9.json", "images-10.json", "images-11.json", "images-12.json", "images-13.json", "images-14.json", "images-15.json", "images-16.json", "images-17.json", "images-18.json", "images-19.json", "images-20.json", "images-21.json", "images-22.json", "images-23.json", "images-24.json", "images-25.json", "images-26.json", "images-27.json", "images-28.json", "images-29.json", "images-30.json", "images-31.json", "images-32.json", "images-33.json", "images-34.json", "images-35.json", "images-36.json" ],
	"smartupdate": "$TexturePacker:SmartUpdate:db183f9c8329c9f471ecacc435bbac66:428c61188975624da7e4dcfdd503d864:af0af6d4542f0e8402ece210e65003be$"
}
}
