{"frames": {

"5-SOMB_LIMON/5-bise_w.png":
{
	"frame": {"x":2,"y":1501,"w":535,"h":320},
	"rotated": true,
	"trimmed": true,
	"spriteSourceSize": {"x":211,"y":205,"w":535,"h":320},
	"sourceSize": {"w":1200,"h":1660}
},
"5-SOMB_LIMON/5-bise_y.png":
{
	"frame": {"x":328,"y":1501,"w":535,"h":320},
	"rotated": true,
	"trimmed": true,
	"spriteSourceSize": {"x":211,"y":205,"w":535,"h":320},
	"sourceSize": {"w":1200,"h":1660}
},
"5-SOMB_LIMON/5-PROMO_Bonsai.png":
{
	"frame": {"x":1536,"y":1496,"w":549,"h":399},
	"rotated": true,
	"trimmed": true,
	"spriteSourceSize": {"x":198,"y":129,"w":549,"h":399},
	"sourceSize": {"w":1200,"h":1660}
},
"5-SOMB_PINA/5-bise-o.png":
{
	"frame": {"x":654,"y":1501,"w":535,"h":320},
	"rotated": true,
	"trimmed": true,
	"spriteSourceSize": {"x":239,"y":256,"w":535,"h":320},
	"sourceSize": {"w":1200,"h":1660}
},
"FRUTILLAS_2.jpg":
{
	"frame": {"x":980,"y":1496,"w":550,"h":550},
	"rotated": false,
	"trimmed": false,
	"spriteSourceSize": {"x":0,"y":0,"w":550,"h":550},
	"sourceSize": {"w":550,"h":550}
},
"MEDALLA_BRONCE.png":
{
	"frame": {"x":967,"y":650,"w":840,"h":980},
	"rotated": true,
	"trimmed": false,
	"spriteSourceSize": {"x":0,"y":0,"w":840,"h":980},
	"sourceSize": {"w":840,"h":980}
},
"P-bienpero.png":
{
	"frame": {"x":980,"y":2,"w":1062,"h":318},
	"rotated": false,
	"trimmed": true,
	"spriteSourceSize": {"x":69,"y":16,"w":1062,"h":318},
	"sourceSize": {"w":1200,"h":350}
},
"P-cerquita.png":
{
	"frame": {"x":980,"y":326,"w":1051,"h":318},
	"rotated": false,
	"trimmed": true,
	"spriteSourceSize": {"x":112,"y":16,"w":1051,"h":318},
	"sourceSize": {"w":1200,"h":350}
},
"TUTO_2.png":
{
	"frame": {"x":2,"y":2,"w":959,"h":1493},
	"rotated": false,
	"trimmed": true,
	"spriteSourceSize": {"x":22,"y":38,"w":959,"h":1493},
	"sourceSize": {"w":1000,"h":1600}
}},
"animations": {
},
"meta": {
	"app": "https://www.codeandweb.com/texturepacker",
	"version": "1.0",
	"image": "images-3.png",
	"format": "RGBA8888",
	"size": {"w":2048,"h":2048},
	"scale": "1",
	"related_multi_packs": [ "images-0.json", "images-1.json", "images-2.json", "images-4.json", "images-5.json", "images-6.json", "images-7.json", "images-8.json", "images-9.json", "images-10.json", "images-11.json", "images-12.json", "images-13.json", "images-14.json", "images-15.json", "images-16.json", "images-17.json", "images-18.json", "images-19.json", "images-20.json", "images-21.json", "images-22.json", "images-23.json", "images-24.json", "images-25.json", "images-26.json", "images-27.json", "images-28.json", "images-29.json", "images-30.json", "images-31.json", "images-32.json", "images-33.json", "images-34.json", "images-35.json", "images-36.json" ],
	"smartupdate": "$TexturePacker:SmartUpdate:db183f9c8329c9f471ecacc435bbac66:428c61188975624da7e4dcfdd503d864:af0af6d4542f0e8402ece210e65003be$"
}
}
